{
  "products": [
    {
      "id": 1,
      "name": "Холодильник",
      "category": "Техника",
      "description": "Холодильник - описание",
      "img": "assets/images/fridge.jpeg",
      "price": 375
    },
    {
      "id": 2,
      "name": "Телевизор",
      "category": "Техника",
      "description": "Телевизор - описание",
      "img": "assets/images/TV.jpeg",
      "price": 520
    },
    {
      "id": 3,
      "name": "Микроволновая печь",
      "category": "Техника",
      "description": "Микроволновая печь - описание",
      "img": "assets/images/microwave.jpeg",
      "price": 130
    },
    {
      "id": 4,
      "name": "Велосипед",
      "category": "Спорт",
      "description": "Велосипед - описание",
      "img": "assets/images/bike.jpeg",
      "price": 850
    },
    {
      "id": 5,
      "name": "Шахматы",
      "category": "Спорт",
      "description": "Шахматы - описание",
      "img": "assets/images/chess.jpeg",
      "price": 50
    },
    {
      "id": 6,
      "name": "Душевая кабина",
      "category": "Сантехника",
      "description": "Душевая кабина - описание",
      "img": "assets/images/shower_cabin.jpeg",
      "price": 560
    }
  ]
}